symbol,ex_code,sectype,currency,name,sector,industry,startdate,enddate
ATVI,ARCA,largecap,USD,Activision Blizzard,Communication Services,Interactive Home Entertainment,1993-10-25,2022-06-03
CHTR,ARCA,largecap,USD,Charter Communications,Communication Services,Cable & Satellite,2010-01-05,2022-06-03
CMCSA,ARCA,largecap,USD,Comcast Corp.,Communication Services,Cable & Satellite,1990-01-02,2022-06-03
DIS,ARCA,largecap,USD,The Walt Disney Company,Communication Services,Movies & Entertainment,1990-01-02,2022-06-03
DISH,ARCA,largecap,USD,Dish Network,Communication Services,Cable & Satellite,1995-06-21,2022-06-03
EA,ARCA,largecap,USD,Electronic Arts,Communication Services,Interactive Home Entertainment,1990-01-02,2022-06-03
FB,ARCA,largecap,USD,"Facebook, Inc.",Communication Services,Interactive Media & Services,2012-05-18,2022-06-03
FOXA,ARCA,largecap,USD,Fox Corporation Class A,Communication Services,Movies & Entertainment,2019-03-12,2022-06-03
GOOG,ARCA,largecap,USD,Alphabet Inc Class C,Communication Services,Interactive Media & Services,2004-08-19,2022-06-03
IPG,ARCA,largecap,USD,Interpublic Group,Communication Services,Advertising,1990-01-02,2022-06-03
LYV,ARCA,largecap,USD,Live Nation Entertainment,Communication Services,Movies & Entertainment,2005-12-21,2022-06-03
NFLX,ARCA,largecap,USD,Netflix Inc.,Communication Services,Movies & Entertainment,2002-05-23,2022-06-03
NWSA,ARCA,largecap,USD,News Corp. Class A,Communication Services,Publishing,2013-06-19,2022-06-03
OMC,ARCA,largecap,USD,Omnicom Group,Communication Services,Advertising,1990-01-02,2022-06-03
T,ARCA,largecap,USD,AT&T Inc.,Communication Services,Integrated Telecommunication Services,1990-01-02,2022-06-03
TMUS,ARCA,largecap,USD,T-Mobile US,Communication Services,Wireless Telecommunication Services,2007-04-19,2022-06-03
TTWO,ARCA,largecap,USD,Take-Two Interactive,Communication Services,Interactive Home Entertainment,1997-04-15,2022-06-03
TWTR,ARCA,largecap,USD,"Twitter, Inc.",Communication Services,Interactive Media & Services,2013-11-07,2022-06-03
VZ,ARCA,largecap,USD,Verizon Communications,Communication Services,Integrated Telecommunication Services,1990-01-02,2022-06-03
AAP,ARCA,largecap,USD,Advance Auto Parts,Consumer Discretionary,Automotive Retail,2001-11-29,2022-06-03
AMZN,ARCA,largecap,USD,Amazon.com Inc.,Consumer Discretionary,Internet & Direct Marketing Retail,1997-05-15,2022-06-03
APTV,ARCA,largecap,USD,Aptiv Plc,Consumer Discretionary,Auto Parts & Equipment,2011-11-17,2022-06-03
AZO,ARCA,largecap,USD,AutoZone Inc,Consumer Discretionary,Specialty Stores,1991-04-02,2022-06-03
BBY,ARCA,largecap,USD,Best Buy Co. Inc.,Consumer Discretionary,Computer & Electronics Retail,1990-01-02,2022-06-03
BKNG,ARCA,largecap,USD,Booking Holdings Inc,Consumer Discretionary,Internet & Direct Marketing Retail,1999-03-31,2022-06-03
BWA,ARCA,largecap,USD,BorgWarner,Consumer Discretionary,Auto Parts & Equipment,1993-08-13,2022-06-03
CCL,ARCA,largecap,USD,Carnival Corp.,Consumer Discretionary,"Hotels, Resorts & Cruise Lines",1990-01-02,2022-06-03
CMG,ARCA,largecap,USD,Chipotle Mexican Grill,Consumer Discretionary,Restaurants,2006-01-26,2022-06-03
CPRI,ARCA,largecap,USD,Capri Holdings,Consumer Discretionary,"Apparel, Accessories & Luxury Goods",2011-12-15,2022-06-03
DG,ARCA,largecap,USD,Dollar General,Consumer Discretionary,General Merchandise Stores,2009-11-13,2022-06-03
DHI,ARCA,largecap,USD,D. R. Horton,Consumer Discretionary,Homebuilding,1992-06-05,2022-06-03
DLTR,ARCA,largecap,USD,Dollar Tree,Consumer Discretionary,General Merchandise Stores,1995-03-07,2022-06-03
DRI,ARCA,largecap,USD,Darden Restaurants,Consumer Discretionary,Restaurants,1995-05-09,2022-06-03
EBAY,ARCA,largecap,USD,eBay Inc.,Consumer Discretionary,Internet & Direct Marketing Retail,1998-09-24,2022-06-03
EXPE,ARCA,largecap,USD,Expedia Group,Consumer Discretionary,Internet & Direct Marketing Retail,2005-07-21,2022-06-03
F,ARCA,largecap,USD,Ford Motor,Consumer Discretionary,Automobile Manufacturers,1990-01-02,2022-06-03
GM,ARCA,largecap,USD,General Motors,Consumer Discretionary,Automobile Manufacturers,2010-11-18,2022-06-03
GPC,ARCA,largecap,USD,Genuine Parts,Consumer Discretionary,Specialty Stores,1990-01-02,2022-06-03
GPS,ARCA,largecap,USD,Gap Inc.,Consumer Discretionary,Apparel Retail,1990-01-02,2022-06-03
GRMN,ARCA,largecap,USD,Garmin Ltd.,Consumer Discretionary,Consumer Electronics,2000-12-08,2022-06-03
HAS,ARCA,largecap,USD,Hasbro Inc.,Consumer Discretionary,Leisure Products,1990-01-02,2022-06-03
HBI,ARCA,largecap,USD,Hanesbrands Inc,Consumer Discretionary,"Apparel, Accessories & Luxury Goods",2006-09-06,2022-06-03
HD,ARCA,largecap,USD,Home Depot,Consumer Discretionary,Home Improvement Retail,1990-01-02,2022-06-03
HLT,ARCA,largecap,USD,Hilton Worldwide Holdings Inc,Consumer Discretionary,"Hotels, Resorts & Cruise Lines",2013-12-12,2022-06-03
HOG,ARCA,largecap,USD,Harley-Davidson,Consumer Discretionary,Motorcycle Manufacturers,1990-01-02,2022-06-03
HRB,ARCA,largecap,USD,Block H&R,Consumer Discretionary,Specialized Consumer Services,1990-01-02,2022-06-03
JWN,ARCA,largecap,USD,Nordstrom,Consumer Discretionary,Department Stores,1990-01-02,2022-06-03
KMX,ARCA,largecap,USD,Carmax Inc,Consumer Discretionary,Specialty Stores,1997-02-04,2022-06-03
KSS,ARCA,largecap,USD,Kohl's Corp.,Consumer Discretionary,General Merchandise Stores,1992-05-19,2022-06-03
LEG,ARCA,largecap,USD,Leggett & Platt,Consumer Discretionary,Home Furnishings,1990-01-02,2022-06-03
LEN,ARCA,largecap,USD,Lennar Corp.,Consumer Discretionary,Homebuilding,1990-01-02,2022-06-03
LKQ,ARCA,largecap,USD,LKQ Corporation,Consumer Discretionary,Distributors,2003-10-06,2022-06-03
LOW,ARCA,largecap,USD,Lowe's Cos.,Consumer Discretionary,Home Improvement Retail,1990-01-02,2022-06-03
LVS,ARCA,largecap,USD,Las Vegas Sands Corp,Consumer Discretionary,Casinos & Gaming,2004-12-15,2022-06-03
M,ARCA,largecap,USD,Macy's Inc.,Consumer Discretionary,Department Stores,1992-02-05,2022-06-03
MAR,ARCA,largecap,USD,Marriott Int'l.,Consumer Discretionary,"Hotels, Resorts & Cruise Lines",1998-03-23,2022-06-03
MCD,ARCA,largecap,USD,McDonald's Corp.,Consumer Discretionary,Restaurants,1990-01-02,2022-06-03
MGM,ARCA,largecap,USD,MGM Resorts International,Consumer Discretionary,Casinos & Gaming,1990-01-02,2022-06-03
MHK,ARCA,largecap,USD,Mohawk Industries,Consumer Discretionary,Home Furnishings,1992-04-01,2022-06-03
NCLH,ARCA,largecap,USD,Norwegian Cruise Line Holdings,Consumer Discretionary,"Hotels, Resorts & Cruise Lines",2013-01-18,2022-06-03
NKE,ARCA,largecap,USD,Nike,Consumer Discretionary,"Apparel, Accessories & Luxury Goods",1990-01-02,2022-06-03
NVR,ARCA,largecap,USD,NVR Inc,Consumer Discretionary,Homebuilding,1990-01-02,2022-06-03
NWL,ARCA,largecap,USD,Newell Brands,Consumer Discretionary,Housewares & Specialties,1990-01-02,2022-06-03
ORLY,ARCA,largecap,USD,O'Reilly Automotive,Consumer Discretionary,Specialty Stores,1993-04-23,2022-06-03
PHM,ARCA,largecap,USD,Pulte Homes Inc.,Consumer Discretionary,Homebuilding,1990-01-02,2022-06-03
PVH,ARCA,largecap,USD,PVH Corp.,Consumer Discretionary,"Apparel, Accessories & Luxury Goods",1990-01-02,2022-06-03
RCL,ARCA,largecap,USD,Royal Caribbean Cruises Ltd,Consumer Discretionary,"Hotels, Resorts & Cruise Lines",1993-04-28,2022-06-03
RL,ARCA,largecap,USD,Ralph Lauren Corporation,Consumer Discretionary,"Apparel, Accessories & Luxury Goods",1997-06-12,2022-06-03
ROST,ARCA,largecap,USD,Ross Stores,Consumer Discretionary,Apparel Retail,1990-01-02,2022-06-03
SBUX,ARCA,largecap,USD,Starbucks Corp.,Consumer Discretionary,Restaurants,1992-06-26,2022-06-03
TGT,ARCA,largecap,USD,Target Corp.,Consumer Discretionary,General Merchandise Stores,1990-01-02,2022-06-03
TJX,ARCA,largecap,USD,TJX Companies Inc.,Consumer Discretionary,Apparel Retail,1990-01-02,2022-06-03
TPR,ARCA,largecap,USD,"Tapestry, Inc.",Consumer Discretionary,"Apparel, Accessories & Luxury Goods",2000-10-06,2022-06-03
TSCO,ARCA,largecap,USD,Tractor Supply Company,Consumer Discretionary,Specialty Stores,1994-02-17,2022-06-03
TSLA,ARCA,largecap,USD,Tesla Inc,Consumer Discretionary,Automobile,2010-06-29,2022-06-03
UA,ARCA,largecap,USD,Under Armour Class C,Consumer Discretionary,"Apparel, Accessories & Luxury Goods",2016-03-23,2022-06-03
UAA,ARCA,largecap,USD,Under Armour Class A,Consumer Discretionary,"Apparel, Accessories & Luxury Goods",2005-11-18,2022-06-03
ULTA,ARCA,largecap,USD,Ulta Beauty,Consumer Discretionary,Specialty Stores,2007-10-25,2022-06-03
VFC,ARCA,largecap,USD,V.F. Corp.,Consumer Discretionary,"Apparel, Accessories & Luxury Goods",1990-01-02,2022-06-03
WHR,ARCA,largecap,USD,Whirlpool Corp.,Consumer Discretionary,Household Appliances,1990-01-02,2022-06-03
WYNN,ARCA,largecap,USD,Wynn Resorts Ltd,Consumer Discretionary,Casinos & Gaming,2002-10-25,2022-06-03
YUM,ARCA,largecap,USD,Yum! Brands Inc,Consumer Discretionary,Restaurants,1997-09-17,2022-06-03
ADM,ARCA,largecap,USD,Archer-Daniels-Midland Co,Consumer Staples,Agricultural Products,1990-01-02,2022-06-03
CAG,ARCA,largecap,USD,Conagra Brands,Consumer Staples,Packaged Foods & Meats,1990-01-02,2022-06-03
CHD,ARCA,largecap,USD,Church & Dwight,Consumer Staples,Household Products,1990-01-02,2022-06-03
CL,ARCA,largecap,USD,Colgate-Palmolive,Consumer Staples,Household Products,1990-01-02,2022-06-03
CLX,ARCA,largecap,USD,The Clorox Company,Consumer Staples,Household Products,1990-01-02,2022-06-03
COST,ARCA,largecap,USD,Costco Wholesale Corp.,Consumer Staples,Hypermarkets & Super Centers,1990-01-02,2022-06-03
COTY,ARCA,largecap,USD,"Coty, Inc",Consumer Staples,Personal Products,2013-06-13,2022-06-03
CPB,ARCA,largecap,USD,Campbell Soup,Consumer Staples,Packaged Foods & Meats,1990-01-02,2022-06-03
EL,ARCA,largecap,USD,Estee Lauder Cos.,Consumer Staples,Personal Products,1995-11-17,2022-06-03
GIS,ARCA,largecap,USD,General Mills,Consumer Staples,Packaged Foods & Meats,1990-01-02,2022-06-03
HRL,ARCA,largecap,USD,Hormel Foods Corp.,Consumer Staples,Packaged Foods & Meats,1990-01-02,2022-06-03
HSY,ARCA,largecap,USD,The Hershey Company,Consumer Staples,Packaged Foods & Meats,1990-01-02,2022-06-03
K,ARCA,largecap,USD,Kellogg Co.,Consumer Staples,Packaged Foods & Meats,1990-01-02,2022-06-03
KHC,ARCA,largecap,USD,Kraft Heinz Co,Consumer Staples,Packaged Foods & Meats,2015-07-06,2022-06-03
KMB,ARCA,largecap,USD,Kimberly-Clark,Consumer Staples,Household Products,1990-01-02,2022-06-03
KO,ARCA,largecap,USD,Coca-Cola Company,Consumer Staples,Soft Drinks,1990-01-02,2022-06-03
KR,ARCA,largecap,USD,Kroger Co.,Consumer Staples,Food Retail,1990-01-02,2022-06-03
LW,ARCA,largecap,USD,Lamb Weston Holdings Inc,Consumer Staples,Packaged Foods & Meats,2016-11-10,2022-06-03
MDLZ,ARCA,largecap,USD,Mondelez International,Consumer Staples,Packaged Foods & Meats,2001-06-13,2022-06-03
MKC,ARCA,largecap,USD,McCormick & Co.,Consumer Staples,Packaged Foods & Meats,1990-01-02,2022-06-03
MNST,ARCA,largecap,USD,Monster Beverage,Consumer Staples,Soft Drinks,1990-01-03,2022-06-03
MO,ARCA,largecap,USD,Altria Group Inc,Consumer Staples,Tobacco,1990-01-02,2022-06-03
PEP,ARCA,largecap,USD,PepsiCo Inc.,Consumer Staples,Soft Drinks,1990-01-02,2022-06-03
PG,ARCA,largecap,USD,Procter & Gamble,Consumer Staples,Personal Products,1990-01-02,2022-06-03
PM,ARCA,largecap,USD,Philip Morris International,Consumer Staples,Tobacco,2008-03-17,2022-06-03
SJM,ARCA,largecap,USD,JM Smucker,Consumer Staples,Packaged Foods & Meats,1994-10-31,2022-06-03
STZ,ARCA,largecap,USD,Constellation Brands,Consumer Staples,Distillers & Vintners,1992-03-17,2022-06-03
SYY,ARCA,largecap,USD,Sysco Corp.,Consumer Staples,Food Distributors,1990-01-02,2022-06-03
TAP,ARCA,largecap,USD,Molson Coors Brewing Company,Consumer Staples,Brewers,1990-01-02,2022-06-03
TSN,ARCA,largecap,USD,Tyson Foods,Consumer Staples,Packaged Foods & Meats,1990-01-02,2022-06-03
WBA,ARCA,largecap,USD,Walgreens Boots Alliance,Consumer Staples,Drug Retail,1990-01-02,2022-06-03
WMT,ARCA,largecap,USD,Walmart,Consumer Staples,Hypermarkets & Super Centers,1990-01-02,2022-06-03
APA,ARCA,largecap,USD,Apache Corporation,Energy,Oil & Gas Exploration & Production,1990-01-02,2022-06-03
COP,ARCA,largecap,USD,ConocoPhillips,Energy,Oil & Gas Exploration & Production,1990-01-02,2022-06-03
CVX,ARCA,largecap,USD,Chevron Corp.,Energy,Integrated Oil & Gas,1990-01-02,2022-06-03
DVN,ARCA,largecap,USD,Devon Energy,Energy,Oil & Gas Exploration & Production,1990-01-02,2022-06-03
EOG,ARCA,largecap,USD,EOG Resources,Energy,Oil & Gas Exploration & Production,1990-01-02,2022-06-03
FANG,ARCA,largecap,USD,Diamondback Energy,Energy,Oil & Gas Exploration & Production,2012-10-12,2022-06-03
FTI,ARCA,largecap,USD,TechnipFMC,Energy,Oil & Gas Equipment & Services,2001-06-15,2022-06-03
HAL,ARCA,largecap,USD,Halliburton Co.,Energy,Oil & Gas Equipment & Services,1990-01-02,2022-06-03
HES,ARCA,largecap,USD,Hess Corporation,Energy,Integrated Oil & Gas,1990-01-02,2022-06-03
HP,ARCA,largecap,USD,Helmerich & Payne,Energy,Oil & Gas Drilling,1990-01-02,2022-06-03
KMI,ARCA,largecap,USD,Kinder Morgan,Energy,Oil & Gas Storage & Transportation,2011-02-11,2022-06-03
MPC,ARCA,largecap,USD,Marathon Petroleum,Energy,Oil & Gas Refining & Marketing,2011-06-23,2022-06-03
MRO,ARCA,largecap,USD,Marathon Oil Corp.,Energy,Oil & Gas Exploration & Production,1990-01-02,2022-06-03
NOV,ARCA,largecap,USD,National Oilwell Varco Inc.,Energy,Oil & Gas Equipment & Services,1996-10-29,2022-06-03
OKE,ARCA,largecap,USD,ONEOK,Energy,Oil & Gas Storage & Transportation,1990-01-02,2022-06-03
OXY,ARCA,largecap,USD,Occidental Petroleum,Energy,Oil & Gas Exploration & Production,1990-01-02,2022-06-03
PSX,ARCA,largecap,USD,Phillips 66,Energy,Oil & Gas Refining & Marketing,2012-04-12,2022-06-03
PXD,ARCA,largecap,USD,Pioneer Natural Resources,Energy,Oil & Gas Exploration & Production,1997-08-08,2022-06-03
SLB,ARCA,largecap,USD,Schlumberger Ltd.,Energy,Oil & Gas Equipment & Services,1990-01-02,2022-06-03
VLO,ARCA,largecap,USD,Valero Energy,Energy,Oil & Gas Refining & Marketing,1990-01-02,2022-06-03
WMB,ARCA,largecap,USD,Williams Cos.,Energy,Oil & Gas Storage & Transportation,1990-01-02,2022-06-03
XOM,ARCA,largecap,USD,Exxon Mobil Corp.,Energy,Integrated Oil & Gas,1990-01-02,2022-06-03
AFL,ARCA,largecap,USD,AFLAC Inc,Financials,Life & Health Insurance,1990-01-02,2022-06-03
AIG,ARCA,largecap,USD,American International Group,Financials,Property & Casualty Insurance,1990-01-02,2022-06-03
AIZ,ARCA,largecap,USD,Assurant,Financials,Multi-line Insurance,2004-02-05,2022-06-03
AJG,ARCA,largecap,USD,Arthur J. Gallagher & Co.,Financials,Insurance Brokers,1990-01-02,2022-06-03
ALL,ARCA,largecap,USD,Allstate Corp,Financials,Property & Casualty Insurance,1993-06-03,2022-06-03
AMG,ARCA,largecap,USD,Affiliated Managers Group Inc,Financials,Asset Management & Custody Banks,1997-11-21,2022-06-03
AMP,ARCA,largecap,USD,Ameriprise Financial,Financials,Asset Management & Custody Banks,2005-09-15,2022-06-03
AON,ARCA,largecap,USD,Aon plc,Financials,Insurance Brokers,1990-01-02,2022-06-03
AXP,ARCA,largecap,USD,American Express Co,Financials,Consumer Finance,1990-01-02,2022-06-03
BAC,ARCA,largecap,USD,Bank of America Corp,Financials,Diversified Banks,1990-01-02,2022-06-03
BEN,ARCA,largecap,USD,Franklin Resources,Financials,Asset Management & Custody Banks,1990-01-02,2022-06-03
BK,ARCA,largecap,USD,The Bank of New York Mellon Corp.,Financials,Asset Management & Custody Banks,1990-01-02,2022-06-03
BLK,ARCA,largecap,USD,BlackRock,Financials,Asset Management & Custody Banks,1999-10-01,2022-06-03
C,ARCA,largecap,USD,Citigroup Inc.,Financials,Diversified Banks,1990-01-02,2022-06-03
CB,ARCA,largecap,USD,Chubb Limited,Financials,Property & Casualty Insurance,1993-03-25,2022-06-03
CBOE,ARCA,largecap,USD,Cboe Global Markets,Financials,Financial Exchanges & Data,2010-06-15,2022-06-03
CFG,ARCA,largecap,USD,Citizens Financial Group,Financials,Regional Banks,2014-09-24,2022-06-03
CINF,ARCA,largecap,USD,Cincinnati Financial,Financials,Property & Casualty Insurance,1990-01-02,2022-06-03
CMA,ARCA,largecap,USD,Comerica Inc.,Financials,Diversified Banks,1990-01-02,2022-06-03
CME,ARCA,largecap,USD,CME Group Inc.,Financials,Financial Exchanges & Data,2002-12-06,2022-06-03
COF,ARCA,largecap,USD,Capital One Financial,Financials,Consumer Finance,1994-11-16,2022-06-03
DFS,ARCA,largecap,USD,Discover Financial Services,Financials,Consumer Finance,2007-06-14,2022-06-03
FITB,ARCA,largecap,USD,Fifth Third Bancorp,Financials,Regional Banks,1990-01-02,2022-06-03
FRC,ARCA,largecap,USD,First Republic Bank,Financials,Regional Banks,2010-12-09,2022-06-03
GL,ARCA,largecap,USD,Globe Life Inc.,Financials,Life & Health Insurance,1990-01-02,2022-06-03
GS,ARCA,largecap,USD,Goldman Sachs Group,Financials,Investment Banking & Brokerage,1999-05-04,2022-06-03
HBAN,ARCA,largecap,USD,Huntington Bancshares,Financials,Regional Banks,1990-01-02,2022-06-03
HIG,ARCA,largecap,USD,Hartford Financial Svc.Gp.,Financials,Property & Casualty Insurance,1995-12-15,2022-06-03
ICE,ARCA,largecap,USD,Intercontinental Exchange,Financials,Financial Exchanges & Data,2005-11-16,2022-06-03
IVZ,ARCA,largecap,USD,Invesco Ltd.,Financials,Asset Management & Custody Banks,1995-08-25,2022-06-03
JPM,ARCA,largecap,USD,JPMorgan Chase & Co.,Financials,Diversified Banks,1990-01-02,2022-06-03
KEY,ARCA,largecap,USD,KeyCorp,Financials,Regional Banks,1990-01-02,2022-06-03
L,ARCA,largecap,USD,Loews Corp.,Financials,Multi-line Insurance,1990-01-02,2022-06-03
LNC,ARCA,largecap,USD,Lincoln National,Financials,Multi-line Insurance,1990-01-02,2022-06-03
MCO,ARCA,largecap,USD,Moody's Corp,Financials,Financial Exchanges & Data,1994-10-31,2022-06-03
MET,ARCA,largecap,USD,MetLife Inc.,Financials,Life & Health Insurance,2000-04-05,2022-06-03
MKTX,ARCA,largecap,USD,MarketAxess,Financials,Financial Exchanges & Data,2004-11-05,2022-06-03
MMC,ARCA,largecap,USD,Marsh & McLennan,Financials,Insurance Brokers,1990-01-02,2022-06-03
MS,ARCA,largecap,USD,Morgan Stanley,Financials,Investment Banking & Brokerage,1990-01-02,2022-06-03
MSCI,ARCA,largecap,USD,MSCI Inc,Financials,Financial Exchanges & Data,2007-11-15,2022-06-03
MTB,ARCA,largecap,USD,M&T Bank Corp.,Financials,Regional Banks,1990-01-02,2022-06-03
NDAQ,ARCA,largecap,USD,"Nasdaq, Inc.",Financials,Financial Exchanges & Data,2002-07-01,2022-06-03
NTRS,ARCA,largecap,USD,Northern Trust Corp.,Financials,Asset Management & Custody Banks,1990-01-02,2022-06-03
PBCT,ARCA,largecap,USD,People's United Financial,Financials,Thrifts & Mortgage Finance,1990-01-02,2022-04-01
PFG,ARCA,largecap,USD,Principal Financial Group,Financials,Life & Health Insurance,2001-10-23,2022-06-03
PGR,ARCA,largecap,USD,Progressive Corp.,Financials,Property & Casualty Insurance,1990-01-02,2022-06-03
PNC,ARCA,largecap,USD,PNC Financial Services,Financials,Regional Banks,1990-01-02,2022-06-03
PRU,ARCA,largecap,USD,Prudential Financial,Financials,Life & Health Insurance,2001-12-13,2022-06-03
RE,ARCA,largecap,USD,Everest Re Group Ltd.,Financials,Reinsurance,1995-10-03,2022-06-03
RF,ARCA,largecap,USD,Regions Financial Corp.,Financials,Regional Banks,1990-01-02,2022-06-03
RJF,ARCA,largecap,USD,Raymond James Financial Inc.,Financials,Investment Banking & Brokerage,1990-01-02,2022-06-03
SCHW,ARCA,largecap,USD,Charles Schwab Corporation,Financials,Investment Banking & Brokerage,1990-01-02,2022-06-03
SIVB,ARCA,largecap,USD,SVB Financial,Financials,Regional Banks,1990-01-02,2022-06-03
SPGI,ARCA,largecap,USD,"S&P Global, Inc.",Financials,Financial Exchanges & Data,1990-01-02,2022-06-03
STT,ARCA,largecap,USD,State Street Corp.,Financials,Asset Management & Custody Banks,1990-01-02,2022-06-03
SYF,ARCA,largecap,USD,Synchrony Financial,Financials,Consumer Finance,2014-07-31,2022-06-03
TFC,ARCA,largecap,USD,Truist Financial,Financials,Regional Banks,1990-01-02,2022-06-03
TROW,ARCA,largecap,USD,T. Rowe Price Group,Financials,Asset Management & Custody Banks,1990-01-02,2022-06-03
TRV,ARCA,largecap,USD,The Travelers Companies Inc.,Financials,Property & Casualty Insurance,1990-01-02,2022-06-03
UNM,ARCA,largecap,USD,Unum Group,Financials,Life & Health Insurance,1990-01-02,2022-06-03
USB,ARCA,largecap,USD,U.S. Bancorp,Financials,Diversified Banks,1990-01-02,2022-06-03
WFC,ARCA,largecap,USD,Wells Fargo,Financials,Diversified Banks,1990-01-02,2022-06-03
WRB,ARCA,largecap,USD,W. R. Berkley Corporation,Financials,Property & Casualty Insurance,1990-01-02,2022-06-03
ZION,ARCA,largecap,USD,Zions Bancorp,Financials,Regional Banks,1990-01-02,2022-06-03
A,ARCA,largecap,USD,Agilent Technologies Inc,Health Care,Health Care Equipment,1999-11-18,2022-06-03
ABBV,ARCA,largecap,USD,AbbVie Inc.,Health Care,Pharmaceuticals,2013-01-02,2022-06-03
ABC,ARCA,largecap,USD,AmerisourceBergen Corp,Health Care,Health Care Distributors,1995-04-04,2022-06-03
ABMD,ARCA,largecap,USD,ABIOMED Inc,Health Care,Health Care Equipment,1990-01-02,2022-06-03
ABT,ARCA,largecap,USD,Abbott Laboratories,Health Care,Health Care Equipment,1990-01-02,2022-06-03
ALGN,ARCA,largecap,USD,Align Technology,Health Care,Health Care Supplies,2001-01-30,2022-06-03
AMGN,ARCA,largecap,USD,Amgen Inc.,Health Care,Biotechnology,1990-01-02,2022-06-03
ANTM,ARCA,largecap,USD,Anthem,Health Care,Managed Health Care,2001-10-30,2022-06-03
BAX,ARCA,largecap,USD,Baxter International Inc.,Health Care,Health Care Equipment,1990-01-02,2022-06-03
BDX,ARCA,largecap,USD,Becton Dickinson,Health Care,Health Care Equipment,1990-01-02,2022-06-03
BIIB,ARCA,largecap,USD,Biogen Inc.,Health Care,Biotechnology,1991-09-17,2022-06-03
BMY,ARCA,largecap,USD,Bristol-Myers Squibb,Health Care,Health Care Distributors,1990-01-02,2022-06-03
BSX,ARCA,largecap,USD,Boston Scientific,Health Care,Health Care Equipment,1992-05-19,2022-06-03
CAH,ARCA,largecap,USD,Cardinal Health Inc.,Health Care,Health Care Distributors,1990-01-02,2022-06-03
CERN,ARCA,largecap,USD,Cerner,Health Care,Health Care Technology,1990-01-02,2022-06-03
CI,ARCA,largecap,USD,CIGNA Corp.,Health Care,Managed Health Care,1990-01-02,2022-06-03
CNC,ARCA,largecap,USD,Centene Corporation,Health Care,Managed Health Care,2001-12-13,2022-06-03
COO,ARCA,largecap,USD,The Cooper Companies,Health Care,Health Care Supplies,1990-01-02,2022-06-03
CVS,ARCA,largecap,USD,CVS Health,Health Care,Health Care Services,1990-01-02,2022-06-03
DGX,ARCA,largecap,USD,Quest Diagnostics,Health Care,Health Care Services,1996-12-17,2022-06-03
DHR,ARCA,largecap,USD,Danaher Corp.,Health Care,Health Care Equipment,1990-01-02,2022-06-03
DVA,ARCA,largecap,USD,DaVita Inc.,Health Care,Health Care Facilities,1995-10-31,2022-06-03
EW,ARCA,largecap,USD,Edwards Lifesciences,Health Care,Health Care Equipment,2000-03-27,2022-06-03
GILD,ARCA,largecap,USD,Gilead Sciences,Health Care,Biotechnology,1992-01-22,2022-06-03
HCA,ARCA,largecap,USD,HCA Healthcare,Health Care,Health Care Facilities,2011-03-10,2022-06-03
HOLX,ARCA,largecap,USD,Hologic,Health Care,Health Care Equipment,1990-03-01,2022-06-03
HSIC,ARCA,largecap,USD,Henry Schein,Health Care,Health Care Distributors,1995-11-03,2022-06-03
HUM,ARCA,largecap,USD,Humana Inc.,Health Care,Managed Health Care,1990-01-02,2022-06-03
IDXX,ARCA,largecap,USD,IDEXX Laboratories,Health Care,Health Care Equipment,1991-06-21,2022-06-03
ILMN,ARCA,largecap,USD,Illumina Inc,Health Care,Life Sciences Tools & Services,2000-07-28,2022-06-03
INCY,ARCA,largecap,USD,Incyte,Health Care,Biotechnology,1993-11-04,2022-06-03
IQV,ARCA,largecap,USD,IQVIA Holdings Inc.,Health Care,Life Sciences Tools & Services,2013-05-09,2022-06-03
ISRG,ARCA,largecap,USD,Intuitive Surgical Inc.,Health Care,Health Care Equipment,2000-06-16,2022-06-03
JNJ,ARCA,largecap,USD,Johnson & Johnson,Health Care,Pharmaceuticals,1990-01-02,2022-06-03
LH,ARCA,largecap,USD,Laboratory Corp. of America Holding,Health Care,Health Care Services,1990-03-29,2022-06-03
LLY,ARCA,largecap,USD,Lilly (Eli) & Co.,Health Care,Pharmaceuticals,1990-01-02,2022-06-03
MCK,ARCA,largecap,USD,McKesson Corp.,Health Care,Health Care Distributors,1994-11-10,2022-06-03
MDT,ARCA,largecap,USD,Medtronic plc,Health Care,Health Care Equipment,1990-01-02,2022-06-03
MRK,ARCA,largecap,USD,Merck & Co.,Health Care,Pharmaceuticals,1990-01-02,2022-06-03
MTD,ARCA,largecap,USD,Mettler Toledo,Health Care,Life Sciences Tools & Services,1997-11-14,2022-06-03
PFE,ARCA,largecap,USD,Pfizer Inc.,Health Care,Pharmaceuticals,1990-01-02,2022-06-03
PKI,ARCA,largecap,USD,PerkinElmer,Health Care,Health Care Equipment,1990-01-02,2022-06-03
PRGO,ARCA,largecap,USD,Perrigo,Health Care,Pharmaceuticals,1991-12-17,2022-06-03
REGN,ARCA,largecap,USD,Regeneron Pharmaceuticals,Health Care,Biotechnology,1991-04-02,2022-06-03
RMD,ARCA,largecap,USD,ResMed,Health Care,Health Care Equipment,1995-06-02,2022-06-03
STE,ARCA,largecap,USD,STERIS plc,Health Care,Health Care Equipment,1992-06-01,2022-06-03
SYK,ARCA,largecap,USD,Stryker Corp.,Health Care,Health Care Equipment,1990-01-02,2022-06-03
TFX,ARCA,largecap,USD,Teleflex,Health Care,Health Care Equipment,1990-01-02,2022-06-03
TMO,ARCA,largecap,USD,Thermo Fisher Scientific,Health Care,Health Care Equipment,1990-01-02,2022-06-03
UHS,ARCA,largecap,USD,"Universal Health Services, Inc.",Health Care,Health Care Facilities,1990-01-02,2022-06-03
UNH,ARCA,largecap,USD,United Health Group Inc.,Health Care,Managed Health Care,1990-01-02,2022-06-03
VRTX,ARCA,largecap,USD,Vertex Pharmaceuticals Inc,Health Care,Biotechnology,1991-07-24,2022-06-03
WAT,ARCA,largecap,USD,Waters Corporation,Health Care,Health Care Distributors,1995-11-17,2022-06-03
XRAY,ARCA,largecap,USD,Dentsply Sirona,Health Care,Health Care Supplies,1990-01-02,2022-06-03
ZBH,ARCA,largecap,USD,Zimmer Biomet Holdings,Health Care,Health Care Equipment,2001-07-25,2022-06-03
ZTS,ARCA,largecap,USD,Zoetis,Health Care,Pharmaceuticals,2013-02-01,2022-06-03
AAL,ARCA,largecap,USD,American Airlines Group,Industrials,Airlines,2005-09-27,2022-06-03
ALK,ARCA,largecap,USD,Alaska Air Group Inc,Industrials,Airlines,1990-01-02,2022-06-03
ALLE,ARCA,largecap,USD,Allegion,Industrials,Building Products,2013-11-18,2022-06-03
AME,ARCA,largecap,USD,AMETEK Inc.,Industrials,Electrical Components & Equipment,1990-01-02,2022-06-03
AOS,ARCA,largecap,USD,A.O. Smith Corp,Industrials,Building Products,1990-01-02,2022-06-03
ARNC,ARCA,largecap,USD,Arconic Inc.,Industrials,Aerospace & Defense,2020-04-01,2022-06-03
BA,ARCA,largecap,USD,Boeing Company,Industrials,Aerospace & Defense,1990-01-02,2022-06-03
CAT,ARCA,largecap,USD,Caterpillar Inc.,Industrials,Construction Machinery & Heavy Trucks,1990-01-02,2022-06-03
CHRW,ARCA,largecap,USD,C. H. Robinson Worldwide,Industrials,Air Freight & Logistics,1997-10-16,2022-06-03
CMI,ARCA,largecap,USD,Cummins Inc.,Industrials,Industrial Machinery,1990-01-02,2022-06-03
CPRT,ARCA,largecap,USD,Copart Inc,Industrials,Diversified Support Services,1994-03-17,2022-06-03
CSX,ARCA,largecap,USD,CSX Corp.,Industrials,Railroads,1990-01-02,2022-06-03
CTAS,ARCA,largecap,USD,Cintas Corporation,Industrials,Diversified Support Services,1990-01-02,2022-06-03
DAL,ARCA,largecap,USD,Delta Air Lines Inc.,Industrials,Airlines,2007-05-03,2022-06-03
DE,ARCA,largecap,USD,Deere & Co.,Industrials,Agricultural & Farm Machinery,1990-01-02,2022-06-03
DOV,ARCA,largecap,USD,Dover Corp.,Industrials,Industrial Machinery,1990-01-02,2022-06-03
EFX,ARCA,largecap,USD,Equifax Inc.,Industrials,Research & Consulting Services,1990-01-02,2022-06-03
EMR,ARCA,largecap,USD,Emerson Electric Company,Industrials,Electrical Components & Equipment,1990-01-02,2022-06-03
ETN,ARCA,largecap,USD,Eaton Corporation,Industrials,Electrical Components & Equipment,1990-01-02,2022-06-03
EXPD,ARCA,largecap,USD,Expeditors,Industrials,Air Freight & Logistics,1990-01-02,2022-06-03
FBHS,ARCA,largecap,USD,Fortune Brands Home & Security,Industrials,Building Products,2011-09-16,2022-06-03
FDX,ARCA,largecap,USD,FedEx Corporation,Industrials,Air Freight & Logistics,1990-01-02,2022-06-03
FLS,ARCA,largecap,USD,Flowserve Corporation,Industrials,Industrial Machinery,1990-01-02,2022-06-03
FTV,ARCA,largecap,USD,Fortive Corp,Industrials,Industrial Machinery,2016-07-05,2022-06-03
GD,ARCA,largecap,USD,General Dynamics,Industrials,Aerospace & Defense,1990-01-02,2022-06-03
GE,ARCA,largecap,USD,General Electric,Industrials,Industrial Conglomerates,1990-01-02,2022-06-03
GWW,ARCA,largecap,USD,Grainger (W.W.) Inc.,Industrials,Industrial Machinery,1990-01-02,2022-06-03
HII,ARCA,largecap,USD,Huntington Ingalls Industries,Industrials,Aerospace & Defense,2011-03-22,2022-06-03
HON,ARCA,largecap,USD,Honeywell Int'l Inc.,Industrials,Industrial Conglomerates,1990-01-02,2022-06-03
HWM,ARCA,largecap,USD,Howmet Aerospace,Industrials,Aerospace & Defense,2016-11-01,2022-06-03
IEX,ARCA,largecap,USD,IDEX Corporation,Industrials,Industrial Machinery,1990-01-02,2022-06-03
IR,ARCA,largecap,USD,Ingersoll-Rand PLC,Industrials,Industrial Machinery,2017-05-12,2022-06-03
ITW,ARCA,largecap,USD,Illinois Tool Works,Industrials,Industrial Machinery,1990-01-02,2022-06-03
J,ARCA,largecap,USD,Jacobs Engineering Group,Industrials,Construction & Engineering,1990-01-02,2022-06-03
JBHT,ARCA,largecap,USD,J. B. Hunt Transport Services,Industrials,Trucking,1990-01-02,2022-06-03
JCI,ARCA,largecap,USD,Johnson Controls International,Industrials,Building Products,1990-01-02,2022-06-03
LHX,ARCA,largecap,USD,L3Harris Technologies,Industrials,Aerospace & Defense,1990-01-02,2022-06-03
LMT,ARCA,largecap,USD,Lockheed Martin Corp.,Industrials,Aerospace & Defense,1990-01-02,2022-06-03
LUV,ARCA,largecap,USD,Southwest Airlines,Industrials,Airlines,1990-01-02,2022-06-03
MAS,ARCA,largecap,USD,Masco Corp.,Industrials,Building Products,1990-01-02,2022-06-03
MMM,ARCA,largecap,USD,3M Company,Industrials,Industrial Conglomerates,1990-01-02,2022-06-03
NLSN,ARCA,largecap,USD,Nielsen Holdings,Industrials,Research & Consulting Services,2011-01-27,2022-06-03
NOC,ARCA,largecap,USD,Northrop Grumman,Industrials,Aerospace & Defense,1990-01-02,2022-06-03
NSC,ARCA,largecap,USD,Norfolk Southern Corp.,Industrials,Railroads,1990-01-02,2022-06-03
ODFL,ARCA,largecap,USD,Old Dominion Freight Line,Industrials,Trucking,1991-10-24,2022-06-03
OTIS,ARCA,largecap,USD,Otis Worldwide,Industrials,Industrial Machinery,2020-03-19,2022-06-03
PCAR,ARCA,largecap,USD,PACCAR Inc.,Industrials,Construction Machinery & Heavy Trucks,1990-01-02,2022-06-03
PH,ARCA,largecap,USD,Parker-Hannifin,Industrials,Industrial Machinery,1990-01-02,2022-06-03
PNR,ARCA,largecap,USD,Pentair plc,Industrials,Industrial Machinery,1990-01-02,2022-06-03
PWR,ARCA,largecap,USD,Quanta Services Inc.,Industrials,Construction & Engineering,1998-02-12,2022-06-03
RHI,ARCA,largecap,USD,Robert Half International,Industrials,Human Resource & Employment Services,1990-01-02,2022-06-03
ROK,ARCA,largecap,USD,Rockwell Automation Inc.,Industrials,Electrical Components & Equipment,1990-01-02,2022-06-03
ROL,ARCA,largecap,USD,Rollins Inc.,Industrials,Environmental & Facilities Services,1990-01-02,2022-06-03
ROP,ARCA,largecap,USD,Roper Technologies,Industrials,Industrial Conglomerates,1992-02-13,2022-06-03
RSG,ARCA,largecap,USD,Republic Services Inc,Industrials,Environmental & Facilities Services,1998-07-01,2022-06-03
RTX,ARCA,largecap,USD,Raytheon Technologies,Industrials,Aerospace & Defense,1990-01-02,2022-06-03
SNA,ARCA,largecap,USD,Snap-on,Industrials,Industrial Machinery,1990-01-02,2022-06-03
SWK,ARCA,largecap,USD,Stanley Black & Decker,Industrials,Industrial Machinery,1990-01-02,2022-06-03
TDG,ARCA,largecap,USD,TransDigm Group,Industrials,Aerospace & Defense,2006-03-15,2022-06-03
TT,ARCA,largecap,USD,Trane Technologies plc,Industrials,Building Products,1990-01-02,2022-06-03
TXT,ARCA,largecap,USD,Textron Inc.,Industrials,Aerospace & Defense,1990-01-02,2022-06-03
UAL,ARCA,largecap,USD,United Airlines Holdings,Industrials,Airlines,2006-02-06,2022-06-03
UNP,ARCA,largecap,USD,Union Pacific Corp,Industrials,Railroads,1990-01-02,2022-06-03
UPS,ARCA,largecap,USD,United Parcel Service,Industrials,Air Freight & Logistics,1999-11-10,2022-06-03
URI,ARCA,largecap,USD,"United Rentals, Inc.",Industrials,Trading Companies & Distributors,1997-12-18,2022-06-03
VRSK,ARCA,largecap,USD,Verisk Analytics,Industrials,Research & Consulting Services,2009-10-07,2022-06-03
WAB,ARCA,largecap,USD,Wabtec Corporation,Industrials,Construction Machinery & Heavy Trucks,1995-06-16,2022-06-03
WM,ARCA,largecap,USD,Waste Management Inc.,Industrials,Environmental & Facilities Services,1990-01-03,2022-06-03
XYL,ARCA,largecap,USD,Xylem Inc.,Industrials,Industrial Machinery,2011-10-13,2022-06-03
AAPL,ARCA,largecap,USD,Apple Inc.,Information Technology,"Technology Hardware, Storage & Peripherals",1990-01-02,2022-06-03
ACN,ARCA,largecap,USD,Accenture plc,Information Technology,IT Consulting & Other Services,2001-07-19,2022-06-03
ADBE,ARCA,largecap,USD,Adobe Systems Inc,Information Technology,Application Software,1990-01-02,2022-06-03
ADI,ARCA,largecap,USD,"Analog Devices, Inc.",Information Technology,Semiconductors,1990-01-02,2022-06-03
ADP,ARCA,largecap,USD,Automatic Data Processing,Information Technology,Internet Services & Infrastructure,1990-01-02,2022-06-03
ADSK,ARCA,largecap,USD,Autodesk Inc.,Information Technology,Application Software,1990-01-02,2022-06-03
AKAM,ARCA,largecap,USD,Akamai Technologies Inc,Information Technology,Internet Services & Infrastructure,1999-10-29,2022-06-03
AMAT,ARCA,largecap,USD,Applied Materials Inc.,Information Technology,Semiconductor Equipment,1990-01-02,2022-06-03
AMD,ARCA,largecap,USD,Advanced Micro Devices Inc,Information Technology,Semiconductors,1990-01-02,2022-06-03
ANET,ARCA,largecap,USD,Arista Networks,Information Technology,Communications Equipment,2014-06-06,2022-06-03
ANSS,ARCA,largecap,USD,ANSYS,Information Technology,Application Software,1996-06-20,2022-06-03
APH,ARCA,largecap,USD,Amphenol Corp,Information Technology,Electronic Components,1991-11-08,2022-06-03
AVGO,ARCA,largecap,USD,Broadcom Inc.,Information Technology,Semiconductors,2009-08-06,2022-06-03
BR,ARCA,largecap,USD,Broadridge Financial Solutions,Information Technology,Data Processing & Outsourced Services,2007-03-22,2022-06-03
CDNS,ARCA,largecap,USD,Cadence Design Systems,Information Technology,Application Software,1990-01-02,2022-06-03
CDW,ARCA,largecap,USD,CDW,Information Technology,Technology Distributors,2013-06-27,2022-06-03
CRM,ARCA,largecap,USD,Salesforce.com,Information Technology,Application Software,2004-06-23,2022-06-03
CSCO,ARCA,largecap,USD,Cisco Systems,Information Technology,Communications Equipment,1990-02-16,2022-06-03
CTSH,ARCA,largecap,USD,Cognizant Technology Solutions,Information Technology,IT Consulting & Other Services,1998-06-19,2022-06-03
CTXS,ARCA,largecap,USD,Citrix Systems,Information Technology,Application Software,1995-12-08,2022-06-03
DXC,ARCA,largecap,USD,DXC Technology,Information Technology,IT Consulting & Other Services,1990-01-02,2022-06-03
FFIV,ARCA,largecap,USD,F5 Networks,Information Technology,Communications Equipment,1999-06-04,2022-06-03
FIS,ARCA,largecap,USD,Fidelity National Information Services,Information Technology,Data Processing & Outsourced Services,2001-06-20,2022-06-03
FISV,ARCA,largecap,USD,Fiserv Inc,Information Technology,Data Processing & Outsourced Services,1990-01-02,2022-06-03
FLT,ARCA,largecap,USD,FleetCor Technologies Inc,Information Technology,Data Processing & Outsourced Services,2010-12-15,2022-06-03
FTNT,ARCA,largecap,USD,Fortinet,Information Technology,Systems Software,2009-11-18,2022-06-03
GLW,ARCA,largecap,USD,Corning Inc.,Information Technology,Electronic Components,1990-01-02,2022-06-03
GPN,ARCA,largecap,USD,Global Payments Inc.,Information Technology,Data Processing & Outsourced Services,2001-01-16,2022-06-03
HPE,ARCA,largecap,USD,Hewlett Packard Enterprise,Information Technology,"Technology Hardware, Storage & Peripherals",2015-10-19,2022-06-03
HPQ,ARCA,largecap,USD,HP Inc.,Information Technology,"Technology Hardware, Storage & Peripherals",1990-01-02,2022-06-03
IBM,ARCA,largecap,USD,International Business Machines,Information Technology,IT Consulting & Other Services,1990-01-02,2022-06-03
INTC,ARCA,largecap,USD,Intel Corp.,Information Technology,Semiconductors,1990-01-02,2022-06-03
INTU,ARCA,largecap,USD,Intuit Inc.,Information Technology,Application Software,1993-03-12,2022-06-03
IPGP,ARCA,largecap,USD,IPG Photonics Corp.,Information Technology,Electronic Manufacturing Services,2006-12-13,2022-06-03
IT,ARCA,largecap,USD,Gartner Inc,Information Technology,IT Consulting & Other Services,1993-10-05,2022-06-03
JKHY,ARCA,largecap,USD,Jack Henry & Associates,Information Technology,Data Processing & Outsourced Services,1990-01-03,2022-06-03
JNPR,ARCA,largecap,USD,Juniper Networks,Information Technology,Communications Equipment,1999-06-25,2022-06-03
KEYS,ARCA,largecap,USD,Keysight Technologies,Information Technology,Electronic Equipment & Instruments,2014-10-20,2022-06-03
KLAC,ARCA,largecap,USD,KLA Corporation,Information Technology,Semiconductor Equipment,1990-01-02,2022-06-03
LDOS,ARCA,largecap,USD,Leidos Holdings,Information Technology,IT Consulting & Other Services,2006-10-17,2022-06-03
LRCX,ARCA,largecap,USD,Lam Research,Information Technology,Semiconductor Equipment,1990-01-02,2022-06-03
MA,ARCA,largecap,USD,Mastercard Inc.,Information Technology,Data Processing & Outsourced Services,2006-05-25,2022-06-03
MCHP,ARCA,largecap,USD,Microchip Technology,Information Technology,Semiconductors,1993-03-19,2022-06-03
MSFT,ARCA,largecap,USD,Microsoft Corp.,Information Technology,Systems Software,1990-01-02,2022-06-03
MSI,ARCA,largecap,USD,Motorola Solutions Inc.,Information Technology,Communications Equipment,1990-01-02,2022-06-03
MU,ARCA,largecap,USD,Micron Technology,Information Technology,Semiconductors,1990-01-02,2022-06-03
NLOK,ARCA,largecap,USD,NortonLifeLock,Information Technology,Application Software,1990-01-02,2022-06-03
NOW,ARCA,largecap,USD,ServiceNow,Information Technology,Systems Software,2012-06-29,2022-06-03
NTAP,ARCA,largecap,USD,NetApp,Information Technology,"Technology Hardware, Storage & Peripherals",1995-11-21,2022-06-03
NVDA,ARCA,largecap,USD,Nvidia Corporation,Information Technology,Semiconductors,1999-01-22,2022-06-03
ORCL,ARCA,largecap,USD,Oracle Corp.,Information Technology,Application Software,1990-01-02,2022-06-03
PAYC,ARCA,largecap,USD,Paycom,Information Technology,Application Software,2014-04-15,2022-06-03
PAYX,ARCA,largecap,USD,Paychex Inc.,Information Technology,Data Processing & Outsourced Services,1990-01-02,2022-06-03
PYPL,ARCA,largecap,USD,PayPal,Information Technology,Data Processing & Outsourced Services,2015-07-06,2022-06-03
QCOM,ARCA,largecap,USD,QUALCOMM Inc.,Information Technology,Semiconductors,1991-12-13,2022-06-03
QRVO,ARCA,largecap,USD,Qorvo,Information Technology,Semiconductors,2015-01-02,2022-06-03
SNPS,ARCA,largecap,USD,Synopsys Inc.,Information Technology,Application Software,1992-02-26,2022-06-03
STX,ARCA,largecap,USD,Seagate Technology,Information Technology,"Technology Hardware, Storage & Peripherals",2002-12-11,2022-06-03
SWKS,ARCA,largecap,USD,Skyworks Solutions,Information Technology,Semiconductors,1990-01-02,2022-06-03
TEL,ARCA,largecap,USD,TE Connectivity Ltd.,Information Technology,Electronic Manufacturing Services,2007-06-14,2022-06-03
TRIP,ARCA,largecap,USD,TripAdvisor,Information Technology,Interactive Media & Services,2011-12-07,2022-06-03
TXN,ARCA,largecap,USD,Texas Instruments,Information Technology,Semiconductors,1990-01-02,2022-06-03
V,ARCA,largecap,USD,Visa Inc.,Information Technology,Data Processing & Outsourced Services,2008-03-19,2022-06-03
VRSN,ARCA,largecap,USD,Verisign Inc.,Information Technology,Internet Services & Infrastructure,1998-01-30,2022-06-03
WDC,ARCA,largecap,USD,Western Digital,Information Technology,"Technology Hardware, Storage & Peripherals",1990-01-02,2022-06-03
WU,ARCA,largecap,USD,Western Union Co,Information Technology,Data Processing & Outsourced Services,2006-10-02,2022-06-03
XRX,ARCA,largecap,USD,Xerox,Information Technology,"Technology Hardware, Storage & Peripherals",1990-01-02,2022-06-03
ZBRA,ARCA,largecap,USD,Zebra Technologies,Information Technology,Electronic Equipment & Instruments,1991-08-15,2022-06-03
ALB,ARCA,largecap,USD,Albemarle Corp,Materials,Specialty Chemicals,1994-02-22,2022-06-03
APD,ARCA,largecap,USD,Air Products & Chemicals Inc,Materials,Industrial Gases,1990-01-02,2022-06-03
AVY,ARCA,largecap,USD,Avery Dennison Corp,Materials,Paper Packaging,1990-01-02,2022-06-03
CE,ARCA,largecap,USD,Celanese,Materials,Specialty Chemicals,2005-01-21,2022-06-03
CF,ARCA,largecap,USD,CF Industries Holdings Inc,Materials,Fertilizers & Agricultural Chemicals,2005-08-11,2022-06-03
CTVA,ARCA,largecap,USD,Corteva,Materials,Fertilizers & Agricultural Chemicals,2019-05-24,2022-06-03
DD,ARCA,largecap,USD,DuPont de Nemours Inc,Materials,Specialty Chemicals,1990-01-02,2022-06-03
DOW,ARCA,largecap,USD,Dow Inc.,Materials,Commodity Chemicals,2019-03-20,2022-06-03
ECL,ARCA,largecap,USD,Ecolab Inc.,Materials,Specialty Chemicals,1990-01-02,2022-06-03
EMN,ARCA,largecap,USD,Eastman Chemical,Materials,Diversified Chemicals,1993-12-14,2022-06-03
FCX,ARCA,largecap,USD,Freeport-McMoRan Inc.,Materials,Copper,1995-07-10,2022-06-03
FMC,ARCA,largecap,USD,FMC Corporation,Materials,Fertilizers & Agricultural Chemicals,1990-01-02,2022-06-03
IFF,ARCA,largecap,USD,Intl Flavors & Fragrances,Materials,Specialty Chemicals,1990-01-02,2022-06-03
IP,ARCA,largecap,USD,International Paper,Materials,Paper Packaging,1990-01-02,2022-06-03
LIN,ARCA,largecap,USD,Linde plc,Materials,Industrial Gases,1992-06-17,2022-06-03
LYB,ARCA,largecap,USD,LyondellBasell,Materials,Specialty Chemicals,2010-04-28,2022-06-03
MLM,ARCA,largecap,USD,Martin Marietta Materials,Materials,Construction Materials,1994-02-17,2022-06-03
MOS,ARCA,largecap,USD,The Mosaic Company,Materials,Fertilizers & Agricultural Chemicals,1990-01-02,2022-06-03
NEM,ARCA,largecap,USD,Newmont Goldcorp,Materials,Gold,1990-01-02,2022-06-03
NUE,ARCA,largecap,USD,Nucor Corp.,Materials,Steel,1990-01-02,2022-06-03
PKG,ARCA,largecap,USD,Packaging Corporation of America,Materials,Paper Packaging,2000-01-28,2022-06-03
PPG,ARCA,largecap,USD,PPG Industries,Materials,Specialty Chemicals,1990-01-02,2022-06-03
SEE,ARCA,largecap,USD,Sealed Air,Materials,Paper Packaging,1990-01-02,2022-06-03
SHW,ARCA,largecap,USD,Sherwin-Williams,Materials,Specialty Chemicals,1990-01-02,2022-06-03
VMC,ARCA,largecap,USD,Vulcan Materials,Materials,Construction Materials,1990-01-02,2022-06-03
WRK,ARCA,largecap,USD,WestRock,Materials,Paper Packaging,2015-06-24,2022-06-03
AIV,ARCA,largecap,USD,Apartment Investment & Management,Real Estate,Residential REITs,1994-07-22,2022-06-03
AMT,ARCA,largecap,USD,American Tower Corp.,Real Estate,Specialized REITs,1998-02-27,2022-06-03
ARE,ARCA,largecap,USD,Alexandria Real Estate Equities,Real Estate,Office REITs,1997-05-28,2022-06-03
AVB,ARCA,largecap,USD,"AvalonBay Communities, Inc.",Real Estate,Residential REITs,1994-03-11,2022-06-03
BXP,ARCA,largecap,USD,Boston Properties,Real Estate,Office REITs,1997-06-18,2022-06-03
CBRE,ARCA,largecap,USD,CBRE Group,Real Estate,Real Estate Services,2004-06-10,2022-06-03
CCI,ARCA,largecap,USD,Crown Castle International Corp.,Real Estate,Specialized REITs,1998-08-18,2022-06-03
DLR,ARCA,largecap,USD,Digital Realty Trust Inc,Real Estate,Specialized REITs,2004-10-29,2022-06-03
DRE,ARCA,largecap,USD,Duke Realty Corp,Real Estate,Industrial REITs,1990-01-02,2022-06-03
EQIX,ARCA,largecap,USD,Equinix,Real Estate,Specialized REITs,2000-08-11,2022-06-03
EQR,ARCA,largecap,USD,Equity Residential,Real Estate,Residential REITs,1993-08-12,2022-06-03
ESS,ARCA,largecap,USD,"Essex Property Trust, Inc.",Real Estate,Residential REITs,1994-06-07,2022-06-03
EXR,ARCA,largecap,USD,Extra Space Storage,Real Estate,Specialized REITs,2004-08-16,2022-06-03
FRT,ARCA,largecap,USD,Federal Realty Investment Trust,Real Estate,Retail REITs,1990-01-02,2022-06-03
HST,ARCA,largecap,USD,Host Hotels & Resorts,Real Estate,Hotel & Resort REITs,1990-01-02,2022-06-03
IRM,ARCA,largecap,USD,Iron Mountain Incorporated,Real Estate,Specialized REITs,1996-02-01,2022-06-03
KIM,ARCA,largecap,USD,Kimco Realty,Real Estate,Retail REITs,1991-11-22,2022-06-03
MAA,ARCA,largecap,USD,Mid-America Apartments,Real Estate,Residential REITs,1994-01-28,2022-06-03
MAC,ARCA,largecap,USD,Macerich,Real Estate,Retail REITs,1994-03-10,2022-06-03
O,ARCA,largecap,USD,Realty Income Corporation,Real Estate,Retail REITs,1994-10-18,2022-06-03
PEAK,ARCA,largecap,USD,Healthpeak Properties,Real Estate,Health Care REITs,1990-01-02,2022-06-03
PLD,ARCA,largecap,USD,Prologis,Real Estate,Industrial REITs,1997-11-21,2022-06-03
PSA,ARCA,largecap,USD,Public Storage,Real Estate,Specialized REITs,1990-01-02,2022-06-03
REG,ARCA,largecap,USD,Regency Centers Corporation,Real Estate,Retail REITs,1993-10-29,2022-06-03
SBAC,ARCA,largecap,USD,SBA Communications,Real Estate,Specialized REITs,1999-06-16,2022-06-03
SLG,ARCA,largecap,USD,SL Green Realty,Real Estate,Office REITs,1997-08-15,2022-06-03
SPG,ARCA,largecap,USD,Simon Property Group Inc,Real Estate,Retail REITs,1993-12-14,2022-06-03
UDR,ARCA,largecap,USD,"UDR, Inc.",Real Estate,Residential REITs,1990-01-02,2022-06-03
VNO,ARCA,largecap,USD,Vornado Realty Trust,Real Estate,Office REITs,1990-01-02,2022-06-03
VTR,ARCA,largecap,USD,Ventas Inc,Real Estate,Health Care REITs,1997-05-05,2022-06-03
WELL,ARCA,largecap,USD,Welltower Inc.,Real Estate,Health Care REITs,1990-01-02,2022-06-03
WY,ARCA,largecap,USD,Weyerhaeuser,Real Estate,Specialized REITs,1990-01-02,2022-06-03
AEE,ARCA,largecap,USD,Ameren Corp,Utilities,Multi-Utilities,1998-01-02,2022-06-03
AEP,ARCA,largecap,USD,American Electric Power,Utilities,Electric Utilities,1990-01-02,2022-06-03
AES,ARCA,largecap,USD,AES Corp,Utilities,Independent Power Producers & Energy Traders,1991-06-26,2022-06-03
ATO,ARCA,largecap,USD,Atmos Energy Corp,Utilities,Gas Utilities,1990-01-02,2022-06-03
AWK,ARCA,largecap,USD,American Water Works Company Inc,Utilities,Water Utilities,2008-04-23,2022-06-03
CMS,ARCA,largecap,USD,CMS Energy,Utilities,Multi-Utilities,1990-01-02,2022-06-03
CNP,ARCA,largecap,USD,CenterPoint Energy,Utilities,Multi-Utilities,1990-01-02,2022-06-03
D,ARCA,largecap,USD,Dominion Energy,Utilities,Electric Utilities,1990-01-02,2022-06-03
DTE,ARCA,largecap,USD,DTE Energy Co.,Utilities,Multi-Utilities,1990-01-02,2022-06-03
DUK,ARCA,largecap,USD,Duke Energy,Utilities,Electric Utilities,1990-01-02,2022-06-03
ED,ARCA,largecap,USD,Consolidated Edison,Utilities,Electric Utilities,1990-01-02,2022-06-03
EIX,ARCA,largecap,USD,Edison Int'l,Utilities,Electric Utilities,1990-01-02,2022-06-03
ES,ARCA,largecap,USD,Eversource Energy,Utilities,Multi-Utilities,1990-01-02,2022-06-03
ETR,ARCA,largecap,USD,Entergy Corp.,Utilities,Electric Utilities,1990-01-02,2022-06-03
EVRG,ARCA,largecap,USD,Evergy,Utilities,Electric Utilities,1990-01-02,2022-06-03
EXC,ARCA,largecap,USD,Exelon Corp.,Utilities,Multi-Utilities,1990-01-02,2022-06-03
FE,ARCA,largecap,USD,FirstEnergy Corp,Utilities,Electric Utilities,1997-11-10,2022-06-03
LNT,ARCA,largecap,USD,Alliant Energy Corp,Utilities,Electric Utilities,1990-01-02,2022-06-03
NEE,ARCA,largecap,USD,NextEra Energy,Utilities,Multi-Utilities,1990-01-02,2022-06-03
NI,ARCA,largecap,USD,NiSource Inc.,Utilities,Multi-Utilities,1990-01-02,2022-06-03
NRG,ARCA,largecap,USD,NRG Energy,Utilities,Independent Power Producers & Energy Traders,2003-12-02,2022-06-03
PEG,ARCA,largecap,USD,Public Serv. Enterprise Inc.,Utilities,Electric Utilities,1990-01-02,2022-06-03
PNW,ARCA,largecap,USD,Pinnacle West Capital,Utilities,Multi-Utilities,1990-01-02,2022-06-03
PPL,ARCA,largecap,USD,PPL Corp.,Utilities,Electric Utilities,1990-01-02,2022-06-03
SO,ARCA,largecap,USD,Southern Co.,Utilities,Electric Utilities,1990-01-02,2022-06-03
SRE,ARCA,largecap,USD,Sempra Energy,Utilities,Multi-Utilities,1998-06-29,2022-06-03
WEC,ARCA,largecap,USD,Wec Energy Group Inc,Utilities,Electric Utilities,1990-01-02,2022-06-03
XEL,ARCA,largecap,USD,Xcel Energy Inc,Utilities,Multi-Utilities,1990-01-02,2022-06-03
